30290,DE,1,3,109022,small_item,0,0,18286,1,1,0,0,1,0
12009,DE,1,22,75978,large_item,0,0,4870,1,1,0,0,1,0
25575,CA,0,8,247914,digital,1,0,25575,0,0,0,0,1,0
7662,CA,1,10,83956,digital,1,0,13294,0,1,0,0,1,0
24968,FI,1,14,62658,large_item,1,0,18735,1,1,0,0,1,0
13778,CN,1,22,253020,small_item,0,0,3653,1,1,1,0,1,1
29696,UK,0,15,301458,small_item,0,1,29696,0,1,0,0,1,0
16996,UK,0,11,278626,digital,0,0,16996,1,1,0,0,1,0
3499,CN,0,0,64733,large_item,0,1,3499,0,0,0,0,2,1
23316,UK,1,1,283330,small_item,1,0,16939,0,1,0,0,1,0
14026,IN,1,16,35854,large_item,1,1,19339,0,0,1,0,1,0
10938,DN,1,6,179886,digital,1,1,14521,1,1,0,0,1,0
14896,IT,0,3,115264,large_item,0,1,14896,0,0,0,0,1,0
20170,DE,0,8,33786,large_item,1,0,20170,0,0,0,0,1,0
23409,DN,0,9,227095,large_item,0,1,23409,0,0,1,0,1,0
26417,IN,0,21,266580,small_item,0,1,26417,1,0,0,0,1,0
25031,DN,1,10,323268,small_item,0,0,521,1,0,0,0,2,0
32304,DN,1,3,126539,digital,1,0,9977,0,0,1,0,1,0
4154,CN,0,0,37626,small_item,1,0,4154,0,1,0,0,1,1
19586,FI,0,22,316337,digital,0,1,19586,0,0,0,0,1,0
1606,FI,1,4,140853,large_item,0,1,16042,0,1,1,0,2,0
36526,FI,0,3,143209,large_item,1,0,36526,1,0,1,0,1,0
30599,DN,1,12,254715,digital,0,0,10516,1,1,1,0,1,0
24045,UK,1,3,85324,small_item,0,0,14291,1,1,1,0,1,0
7572,DE,0,17,212760,digital,0,1,7572,0,1,1,0,1,0
32682,UK,1,1,186229,small_item,1,1,5502,0,0,1,0,1,0
27821,US,0,3,122780,digital,1,1,27821,0,0,1,0,1,0
31167,US,0,21,230437,digital,0,0,31167,1,0,1,0,1,0
19223,US,0,5,69684,small_item,1,0,19223,1,0,0,0,1,0
16091,DE,0,13,90498,small_item,1,0,16091,0,1,0,0,1,0
15191,DN,1,0,51026,digital,0,1,4739,1,0,0,0,1,0
21375,IN,0,14,232751,small_item,1,0,21375,0,1,1,0,1,0
16550,UK,1,11,162387,large_item,0,1,9399,0,0,0,0,1,0
37382,FI,1,15,214993,small_item,0,1,9113,0,0,0,0,1,0
24860,UK,0,15,218478,digital,1,0,24860,0,1,0,0,1,0
15162,UK,1,5,17923,large_item,1,0,12859,0,1,0,0,1,0
9896,DN,0,2,76292,digital,0,1,9896,1,1,0,0,1,0
5804,CA,1,4,342690,large_item,0,1,19660,1,0,0,0,3,0
28277,US,1,15,214807,small_item,0,0,14324,0,0,1,0,1,1
28863,UK,0,15,12336,large_item,1,0,28863,1,1,1,0,1,0
18489,IN,1,11,197720,large_item,1,0,5004,0,1,1,0,1,0
5214,US,1,23,305028,large_item,0,0,17673,0,1,1,0,1,0
23061,DE,1,8,96343,large_item,1,0,19538,1,0,1,0,1,0
8272,US,1,11,345720,small_item,1,1,15161,0,1,1,0,1,0
39638,US,0,2,344434,digital,1,0,39638,0,1,1,0,1,0
35388,FI,1,23,341953,small_item,1,1,10383,1,1,1,0,1,0
23484,US,0,22,263996,digital,0,1,23484,1,0,0,0,1,0
20763,FI,0,6,11976,large_item,1,0,20763,1,1,1,0,1,0
30681,FI,0,9,221180,large_item,0,0,30681,0,1,0,0,1,1
38277,IT,0,15,151247,large_item,0,1,38277,1,0,0,0,1,0
35370,CA,1,2,95023,large_item,1,1,1781,0,1,1,0,2,0
29601,IN,0,11,19992,digital,0,1,29601,1,1,0,0,1,0
12371,CA,1,13,58098,digital,0,0,5431,1,0,0,0,1,0
15137,IT,1,18,21334,large_item,0,0,10399,1,0,0,0,1,0
6822,FI,1,8,240802,small_item,1,0,18712,0,0,1,0,3,0
35868,IN,1,5,336185,digital,1,1,15754,0,0,1,0,1,0
14958,US,1,23,347676,digital,0,1,1697,0,1,1,0,3,0
26385,DE,1,12,344415,large_item,0,0,6442,1,0,0,0,1,0
12385,CN,1,19,206525,large_item,1,0,7001,1,1,0,0,1,1
32169,FI,1,9,101645,digital,0,1,5317,1,1,1,0,1,0
17214,IN,1,12,309295,large_item,0,0,19144,1,1,1,0,1,0
10824,CN,0,5,210113,large_item,0,1,10824,1,0,1,0,3,1
8071,CA,0,21,28714,digital,1,0,8071,1,0,0,0,1,0
13368,FI,1,10,152755,small_item,1,1,12612,0,1,0,0,1,0
5363,DE,0,2,153204,large_item,1,1,5363,0,0,0,0,1,0
24654,FI,1,5,218723,digital,1,0,10421,0,0,1,0,1,0
23241,CA,1,8,353567,large_item,1,1,6519,1,0,1,0,1,0
23045,IN,1,23,267158,digital,1,0,17853,0,1,1,0,1,0
36522,FI,1,11,320012,digital,1,1,11316,0,1,0,0,1,0
6569,CN,1,5,351524,small_item,1,1,19153,0,0,1,0,1,1
15913,UK,0,20,328267,large_item,0,1,15913,0,0,0,0,1,0
14676,DN,1,11,145060,small_item,0,1,9021,0,0,0,0,1,0
35166,DE,1,0,134084,digital,0,1,6740,1,0,0,0,1,0
32553,IT,1,19,131954,digital,1,0,10241,0,0,0,0,1,0
3331,FI,0,15,219159,small_item,0,1,3331,0,0,1,0,1,0
26672,IN,0,21,104630,small_item,1,0,26672,1,0,0,0,1,0
6094,US,1,19,119613,large_item,0,1,6070,1,0,0,1,1,0
4525,US,0,12,22816,digital,0,1,4525,0,1,1,0,3,0
6027,UK,1,23,159148,digital,1,0,9520,1,0,0,0,1,0
12780,IN,1,20,38732,digital,1,1,18913,1,1,1,0,1,0
20452,IT,1,13,323269,digital,1,0,15642,0,0,0,0,1,0
11523,US,0,3,19420,large_item,1,1,11523,0,1,1,0,1,0
1699,FI,0,23,350031,large_item,0,1,1699,0,0,1,0,3,0
8552,US,1,11,84327,digital,0,1,12418,0,1,0,0,1,0
35280,DE,1,16,101187,small_item,1,1,11703,1,0,1,0,1,0
24250,FI,0,4,80592,large_item,0,1,24250,1,0,0,0,1,0
26486,UK,1,8,190581,large_item,0,1,16840,1,0,0,0,1,0
3349,DN,1,15,91169,small_item,0,0,4454,0,1,1,0,1,0
31840,FI,1,19,59200,digital,1,0,1829,1,1,1,0,1,0
32677,US,0,19,325456,large_item,1,1,32677,1,0,0,0,1,0
37495,CA,0,10,58101,digital,0,1,37495,1,1,1,0,2,0
26282,DE,1,1,307762,digital,0,1,2969,1,1,0,0,1,0
4681,US,0,14,168423,digital,0,1,4681,1,0,0,0,1,0
1087,UK,0,12,30625,digital,1,1,1087,0,1,1,0,1,0
30164,US,0,10,206023,large_item,1,1,30164,1,1,1,0,1,0
15929,UK,0,12,207384,digital,1,0,15929,0,1,0,0,3,0
33249,FI,1,2,224158,digital,1,1,9320,0,1,1,0,1,0
37197,CN,0,11,80717,digital,0,0,37197,0,1,0,0,1,1
39889,FI,0,19,224592,small_item,1,1,39889,1,0,1,0,1,0
4912,DN,0,15,308338,digital,0,1,4912,0,1,0,0,1,0
39235,IN,0,4,315060,small_item,1,1,39235,0,1,0,0,1,0
25558,IN,1,16,195050,large_item,1,1,7763,0,1,0,0,2,0
12478,CN,1,19,100557,large_item,0,0,13408,0,1,1,0,1,1
15207,US,1,11,216350,digital,1,1,15286,0,1,0,0,1,0
12069,CN,0,0,260049,small_item,1,1,12069,1,0,0,0,1,1
31578,FI,0,13,299760,small_item,0,1,31578,1,0,1,0,1,0
25426,CA,0,15,25934,digital,0,1,25426,1,0,0,0,1,0
11574,IN,1,1,348256,large_item,1,0,665,1,1,0,0,1,0
7813,CN,0,18,75944,large_item,1,1,7813,1,1,0,0,1,1
34268,UK,1,19,310974,large_item,1,1,17858,1,1,0,0,3,0
3535,CA,0,13,343173,small_item,1,0,3535,0,1,1,0,1,0
30263,DE,0,9,330294,large_item,1,0,30263,0,0,1,0,1,0
10477,CA,0,6,134708,small_item,1,1,10477,1,1,1,0,1,0
38230,FI,1,12,45026,digital,1,1,13079,1,0,1,0,1,0
24166,CN,0,2,352082,large_item,0,0,24166,1,1,1,0,1,1
17958,FI,1,18,24046,digital,0,0,6432,1,0,0,0,1,0
9066,CN,1,20,234169,small_item,0,1,19381,1,0,1,0,1,1
3938,IN,0,23,258356,small_item,0,0,3938,0,0,0,0,1,0
14085,FI,0,11,41424,large_item,1,1,14085,0,1,1,0,1,0
31835,CA,1,17,16901,digital,1,1,16276,0,0,0,0,1,0
1754,IT,0,9,216896,digital,1,0,1754,0,0,1,0,2,0
14437,CA,0,13,157155,large_item,0,0,14437,0,0,1,0,1,1
25034,CA,1,14,92152,small_item,1,1,13273,1,0,1,0,1,0
11906,IN,0,17,97401,small_item,0,1,11906,0,0,1,0,1,0
16817,CA,0,7,352699,small_item,0,1,16817,1,1,1,0,1,0
13121,CN,0,7,112943,large_item,1,1,13121,1,0,0,0,1,1
30616,CN,0,18,129291,digital,1,1,30616,0,0,0,0,1,1
10340,DE,0,11,173864,digital,0,0,10340,0,0,0,0,3,0
1728,UK,1,19,166784,digital,0,0,5481,1,0,0,0,1,0
22173,UK,0,3,34816,large_item,1,1,22173,1,0,0,0,1,0
2678,IT,0,23,97759,small_item,0,0,2678,0,0,0,0,1,0
13605,UK,1,21,318511,large_item,1,1,17257,1,1,1,0,1,0
14178,IN,1,4,133950,small_item,1,0,9404,1,1,0,0,1,0
38843,DN,0,9,128453,large_item,0,1,38843,1,0,1,0,1,0
39775,FI,0,3,153426,small_item,1,1,39775,0,0,1,0,3,0
21725,DE,1,5,24766,small_item,1,1,6658,0,0,1,0,1,0
5475,US,1,7,214204,large_item,1,1,5798,0,0,1,0,2,0
24772,DN,0,17,187928,large_item,1,0,24772,0,1,0,0,1,0
19102,FI,0,6,251231,small_item,0,1,19102,1,0,0,0,2,0
15724,IT,1,7,197484,small_item,1,1,15250,1,1,0,1,1,0
20014,DE,1,6,69930,large_item,0,1,10852,1,1,1,0,1,0
5677,US,1,20,291132,large_item,1,0,6703,1,0,1,0,1,0
30420,UK,1,4,249189,digital,0,0,14268,1,1,0,0,1,0
17240,IN,0,8,289506,large_item,1,0,17240,1,0,0,0,1,0
15663,FI,0,7,25254,large_item,0,1,15663,0,1,1,0,1,0
15149,DN,1,14,346273,small_item,1,1,2186,1,1,0,0,1,0
5139,DN,1,13,63380,large_item,0,0,6718,0,1,0,0,3,0
8923,UK,1,22,181856,small_item,1,0,1944,1,0,0,0,1,0
33019,IN,0,4,132906,digital,0,1,33019,1,0,1,0,1,0
37417,FI,1,20,202884,small_item,1,1,5318,1,1,0,0,1,0
18407,CA,1,13,118412,small_item,0,0,8750,1,0,0,0,1,0
1497,CA,0,9,115162,small_item,1,1,1497,0,0,0,0,1,0
22890,FI,1,1,302500,digital,0,1,16021,1,1,0,0,3,0
18800,FI,1,16,215958,large_item,0,1,18642,0,0,1,0,3,0
14761,IN,0,15,272260,large_item,0,1,14761,0,0,0,0,1,0
2824,UK,1,14,8860,large_item,0,1,16018,1,1,1,0,1,0
20218,CN,0,7,13603,small_item,1,0,20218,0,0,0,0,1,1
9646,FI,1,11,258825,digital,1,0,16344,1,0,0,0,1,0
35080,US,1,21,97157,digital,1,0,7591,0,0,1,0,3,0
20072,IT,1,3,21705,digital,0,0,11981,0,1,1,0,1,0
38672,IT,0,18,72061,large_item,1,0,38672,1,0,0,0,2,0
31601,DE,0,23,235569,digital,0,1,31601,0,0,0,0,1,0
13461,DN,1,22,4779,small_item,1,0,15708,0,0,1,0,2,0
12651,DN,1,8,332924,small_item,0,0,9166,0,0,0,0,1,1
9970,UK,0,9,14160,digital,1,0,9970,1,1,0,0,1,0
30387,DN,1,9,227844,small_item,1,1,3949,0,0,0,0,1,0
9173,US,0,14,35043,large_item,0,1,9173,1,1,1,0,1,0
24390,DE,0,5,300004,large_item,1,0,24390,0,1,0,0,1,0
27540,IN,0,3,302091,large_item,0,1,27540,0,0,1,0,1,0
19614,IT,1,2,163405,digital,1,0,14801,1,1,1,0,1,0
28900,FI,1,9,315420,large_item,0,0,6024,1,0,1,0,1,0
39012,UK,1,20,38029,digital,1,0,18347,1,1,0,0,1,0
2679,IN,1,18,208511,digital,1,0,15368,1,0,1,0,1,0
16231,IT,1,18,181860,large_item,0,0,19185,1,0,1,0,3,0
5338,UK,0,2,97546,digital,0,1,5338,1,1,1,0,1,0
31757,DN,0,19,79152,digital,0,1,31757,0,0,1,0,1,0
6526,DE,0,16,37402,large_item,1,0,6526,0,0,0,0,1,0
26684,DN,0,9,209164,small_item,0,0,26684,1,0,0,0,1,0
31000,FI,0,19,88992,small_item,0,1,31000,1,0,0,0,3,0
17553,DE,1,23,301799,small_item,0,0,2127,1,1,1,0,1,0
17833,IT,1,20,97442,small_item,0,0,12047,0,0,0,0,1,1
34056,DE,0,0,184056,small_item,0,1,34056,0,1,0,0,3,0
15702,DN,1,19,128200,small_item,1,1,9382,1,1,0,0,1,0
35870,DN,1,17,307030,large_item,1,0,13957,0,0,0,0,1,0
31354,DE,0,9,32026,large_item,1,0,31354,0,0,1,0,2,0
31370,CA,1,0,79896,small_item,0,1,18839,0,0,1,0,1,0
1461,IN,1,15,334931,digital,1,1,19439,0,1,1,0,1,0
22473,FI,1,11,87537,digital,1,0,15026,1,0,1,0,3,0
18110,IT,1,3,309719,small_item,0,0,15561,0,0,1,0,1,1
34338,FI,0,12,329269,digital,1,0,34338,1,0,0,0,3,0
10402,CN,0,3,218737,digital,1,0,10402,0,0,0,0,1,1
23414,FI,1,17,339053,small_item,0,1,4642,0,0,0,0,1,0
1979,FI,0,21,250445,small_item,0,0,1979,0,1,1,0,1,0
7209,DN,1,16,259958,digital,0,0,9662,1,1,1,0,1,0
17767,US,1,6,109287,digital,0,0,11540,0,1,1,0,1,0
19190,CA,1,5,61727,small_item,1,0,4875,0,0,0,0,1,0
5943,IT,1,18,358748,small_item,0,1,1964,1,1,1,0,1,0
17485,CA,1,17,301490,digital,1,0,13704,0,1,0,0,1,0
9746,IT,0,7,329652,small_item,0,1,9746,1,1,1,0,1,0
15124,CA,0,13,288327,large_item,1,1,15124,1,0,1,0,1,0
11547,US,0,0,158720,digital,0,0,11547,0,1,0,0,1,0
27805,DE,0,14,273344,small_item,0,0,27805,0,1,1,0,3,1
33922,UK,0,4,21183,small_item,1,0,33922,1,1,0,0,1,0
24500,CA,0,9,292520,large_item,0,0,24500,1,1,0,0,1,0
18060,IN,0,11,310966,large_item,0,1,18060,1,1,1,0,2,0
25039,DE,0,18,317749,digital,0,0,25039,1,1,1,0,1,0
6252,CA,1,20,236855,digital,1,0,19542,1,1,1,0,1,0
13155,IT,0,17,283209,digital,1,1,13155,0,1,0,0,1,0
36559,UK,1,23,245821,large_item,1,1,5904,0,1,0,0,1,0
13037,CA,0,4,159183,large_item,1,0,13037,0,1,0,0,1,0
31669,US,0,17,248215,large_item,1,0,31669,0,0,0,0,1,0
6110,UK,1,13,337943,small_item,1,1,11505,0,0,1,0,1,0
18896,CA,0,7,291186,small_item,0,1,18896,1,0,1,0,1,0
34001,FI,0,12,327643,digital,0,0,34001,1,1,0,0,1,0
17890,US,0,21,61847,digital,0,0,17890,1,0,0,0,1,0
20707,FI,1,6,245079,digital,0,1,2167,1,0,0,0,1,0
13096,FI,1,23,296259,small_item,1,0,15905,1,0,0,0,1,0
5457,UK,0,15,49372,small_item,0,1,5457,0,0,1,0,1,0
19345,UK,0,22,328242,large_item,1,0,19345,1,0,0,0,1,0
19779,IT,1,18,4593,digital,1,1,13321,1,0,1,0,1,0
25658,DE,0,20,118681,digital,0,1,25658,0,0,0,0,1,0
2941,DN,1,19,295720,large_item,0,0,12815,1,1,1,0,1,0
28999,UK,1,2,28999,digital,0,0,4135,0,1,0,0,3,0
13969,CN,1,2,319126,large_item,0,0,18878,1,1,1,0,1,1
25458,IT,0,23,219907,digital,1,1,25458,0,0,0,0,1,0
38812,DE,0,8,6042,digital,1,1,38812,1,0,1,0,1,0
18558,UK,0,10,234904,digital,0,1,18558,1,0,1,0,1,0
26394,IN,0,18,117233,digital,1,0,26394,0,0,1,0,1,0
2356,FI,0,14,344705,digital,1,1,2356,0,1,0,0,1,0
4902,IT,0,23,109218,large_item,0,0,4902,0,1,0,0,1,0
30617,FI,1,7,61830,large_item,1,0,7159,1,1,0,0,1,0
9605,CN,0,10,110317,small_item,1,1,9605,0,0,0,0,1,1
38187,CN,1,2,50035,small_item,0,0,16487,1,1,0,0,1,1
34304,US,0,5,14928,digital,1,1,34304,1,0,1,0,1,0
30363,US,1,17,48594,digital,0,0,9858,1,0,0,0,1,0
2547,IN,1,19,54293,digital,0,0,1071,1,0,1,0,2,0
11961,DE,0,21,111729,small_item,0,0,11961,0,0,1,0,1,1
12693,CA,1,13,325403,small_item,0,0,868,1,0,1,0,1,0
33795,DE,1,9,210163,small_item,1,0,8679,0,0,1,0,2,0
16398,CA,1,15,115068,large_item,0,1,1727,1,1,0,0,3,0
37323,DN,1,4,194960,small_item,0,1,18882,0,1,1,0,3,0
23332,IT,1,18,138611,small_item,0,0,2656,0,1,0,0,1,1
13353,UK,0,6,54576,large_item,0,1,13353,1,0,0,0,1,0
37561,DE,0,20,18763,large_item,1,0,37561,1,0,1,0,1,0
33924,UK,0,15,109158,digital,0,0,33924,0,1,0,0,1,0
32161,IN,1,10,17158,small_item,0,1,9948,1,1,1,0,1,0
841,DN,1,3,97525,small_item,0,0,18580,1,0,0,0,2,0
34348,US,1,17,311307,large_item,1,1,3461,1,0,1,0,1,0
30805,FI,1,10,288055,small_item,1,1,782,0,0,0,0,1,0
11499,CA,0,23,250912,digital,0,1,11499,0,1,1,0,1,0
29754,DN,0,18,242478,large_item,0,1,29754,0,0,1,0,2,0
37166,CA,0,12,152643,small_item,1,1,37166,1,0,0,0,1,0
36029,UK,0,19,351666,digital,0,1,36029,1,0,1,0,1,0
15606,IT,1,10,204014,small_item,1,1,17482,1,0,1,0,1,0
24334,FI,1,5,148515,large_item,0,0,18414,1,1,1,0,1,0
17072,US,1,14,7225,small_item,1,1,16845,1,0,1,0,1,0
22619,DE,1,8,126163,large_item,0,1,8083,1,1,0,0,1,0
20187,FI,1,9,343265,small_item,0,0,6392,1,0,0,0,1,0
19966,IT,1,4,196484,digital,1,1,5637,1,1,0,0,1,0
15593,DE,1,20,235281,digital,0,1,4134,1,1,1,0,2,0
30463,DN,1,0,198821,small_item,0,1,3933,0,1,0,0,1,0
16710,US,0,17,231577,large_item,0,0,16710,1,0,1,0,1,0
25101,UK,1,15,199289,small_item,1,1,5761,1,0,0,0,1,0
29181,IT,1,17,136485,large_item,0,0,13089,0,1,0,1,1,1
15680,IT,0,16,310097,digital,0,0,15680,0,1,0,0,1,0
25095,FI,1,16,348563,small_item,1,1,2453,1,0,0,0,2,0
30605,IN,0,12,226087,large_item,0,1,30605,0,1,0,0,1,0
30630,DN,1,20,303009,digital,0,0,10132,0,1,1,0,1,0
12088,CA,0,21,151781,small_item,0,0,12088,1,1,1,0,1,0
1136,IN,1,0,111615,large_item,1,1,7258,0,0,0,0,3,0
19929,DN,0,4,4284,digital,1,1,19929,0,0,1,0,1,0
8143,CN,1,0,113848,small_item,0,0,19810,0,0,1,0,1,1
888,CA,0,11,243885,digital,1,0,888,1,1,1,0,1,0
15052,FI,1,18,209305,large_item,1,0,18173,1,1,0,0,1,0
10944,DE,0,20,27958,digital,0,0,10944,1,0,1,0,1,0
22800,UK,1,11,302471,digital,0,0,1237,0,1,0,0,1,0
27659,CA,0,13,326091,digital,1,0,27659,0,0,0,0,1,0
8992,FI,1,11,129670,small_item,0,0,18887,1,0,0,0,1,0
7325,FI,1,16,90373,digital,1,1,18829,1,1,0,0,1,0
17862,US,0,11,167142,large_item,1,0,17862,0,0,1,0,3,0
34374,IN,0,14,223445,digital,0,0,34374,1,0,0,0,1,0
33982,IT,0,17,56458,digital,0,0,33982,0,1,1,0,1,0
26639,US,0,13,26051,small_item,1,0,26639,1,0,1,0,1,0
18092,IN,1,12,207660,large_item,0,0,16970,1,1,1,0,3,0
31502,DN,0,18,286146,small_item,0,1,31502,1,1,0,0,1,0
34011,CA,0,14,36254,digital,1,1,34011,1,0,1,0,1,0
27295,CN,0,0,276623,small_item,1,0,27295,1,0,0,0,1,1
25433,IT,1,15,211480,small_item,1,1,3086,0,1,0,0,1,0
36510,DE,1,5,200930,large_item,0,1,4590,1,0,0,0,3,0
13855,CN,1,10,9994,large_item,1,1,5297,0,1,0,0,1,1
39517,DE,1,15,199209,small_item,1,1,9188,0,1,1,0,1,0
20979,CA,1,18,97446,digital,0,0,603,0,1,1,0,1,0
33296,DN,1,11,190145,large_item,1,0,11803,1,1,0,0,2,0
18520,UK,1,7,231858,small_item,0,0,12171,1,0,0,0,1,0
8228,IT,0,8,112127,digital,1,1,8228,0,0,0,0,1,0
26229,CN,1,0,352838,digital,0,1,5572,0,1,1,0,1,1
37124,IN,1,1,75412,digital,0,0,6302,0,1,1,0,1,0
25956,CA,1,5,176356,digital,1,1,4151,1,0,0,0,1,0
36711,IN,1,4,173161,large_item,0,1,3939,0,1,0,0,1,0
29635,IT,1,13,7428,small_item,0,0,3097,0,1,0,0,1,1
9647,CA,0,7,110293,small_item,0,1,9647,1,0,1,0,1,0
29641,DE,1,15,73944,small_item,1,0,14768,1,0,1,0,1,0
29954,IN,1,0,290923,small_item,1,1,2354,0,0,0,0,1,0
14551,DE,1,13,211583,digital,1,0,955,0,1,1,0,1,0
27163,DE,0,12,124296,large_item,0,0,27163,0,1,1,0,1,1
21909,DN,1,14,20631,large_item,0,0,11946,0,1,1,0,1,1
12896,IN,0,22,102045,large_item,1,0,12896,1,1,0,0,1,0
17991,UK,0,10,89737,digital,1,1,17991,1,1,0,0,1,0
34216,CA,1,4,116030,large_item,1,0,6258,1,0,1,0,1,0
26217,IT,1,5,170238,small_item,0,0,7347,0,0,1,0,1,1
14940,IT,1,12,298523,digital,1,1,6659,1,1,0,0,1,0
38386,IT,1,9,244891,digital,1,0,15064,0,0,1,0,1,0
4443,DN,1,9,102493,digital,0,1,3752,1,0,0,0,1,0
37265,CN,0,15,195146,small_item,1,0,37265,0,0,1,0,1,1
10926,CN,0,20,149877,small_item,1,0,10926,1,1,1,0,1,1
9129,DN,1,19,279483,digital,0,0,12130,0,1,1,0,1,0
6164,CA,1,13,241405,digital,0,1,16996,0,0,0,0,1,0
30852,DN,1,8,52089,digital,1,0,17454,1,0,1,0,1,0
23800,DE,1,12,238913,small_item,1,0,17520,0,0,1,0,1,0
13508,IN,1,23,49889,digital,1,1,12762,0,0,1,0,2,0
6293,UK,1,17,143065,small_item,1,0,1999,0,0,0,0,1,0
26340,DE,1,9,305452,large_item,0,0,4028,1,0,0,0,1,0
24067,FI,0,9,354636,digital,1,1,24067,0,1,0,0,1,0
39391,DE,1,14,165753,small_item,0,0,7713,0,0,1,0,3,1
35486,CN,0,14,154142,digital,1,1,35486,0,1,1,0,1,1
2308,DE,1,17,151592,digital,0,0,14878,0,1,1,0,1,0
28774,CN,0,2,267121,large_item,1,1,28774,1,1,1,0,1,1
15253,CN,0,4,68630,digital,1,0,15253,0,1,0,0,1,1
13306,UK,0,18,74494,digital,1,0,13306,1,0,0,0,1,0
32698,FI,0,21,308705,digital,0,1,32698,1,1,0,0,1,0
6911,DE,0,11,176097,digital,1,0,6911,0,0,1,0,1,0
33288,IN,1,8,314531,digital,0,1,6580,0,0,0,0,1,0
10075,UK,1,17,95987,large_item,1,1,5686,0,1,0,0,1,0
14350,DN,1,0,207888,large_item,0,1,12296,1,0,1,0,1,0
31311,IT,1,4,237843,digital,0,1,10888,1,0,0,0,1,0
10990,DN,1,8,17768,small_item,1,0,13732,0,1,0,0,1,0
15924,DN,1,10,336515,large_item,0,1,9531,0,1,1,0,1,0
16811,IN,1,17,311452,large_item,0,1,8381,1,1,1,0,1,0
34238,DN,1,4,155173,large_item,0,1,13680,1,1,1,0,1,0
39664,IN,0,11,8411,digital,1,0,39664,0,0,0,0,1,0
2852,FI,0,20,101307,large_item,1,0,2852,0,0,1,0,1,0
25507,CN,0,1,65159,small_item,0,1,25507,0,1,0,0,1,1
37164,UK,1,18,127752,small_item,0,0,12310,0,0,0,0,1,1
36944,IN,0,2,56269,small_item,0,0,36944,0,1,0,0,1,1
31918,DE,1,3,64696,digital,1,1,645,1,1,1,0,1,0
4421,FI,1,0,185875,large_item,1,0,9820,1,0,1,0,1,0
30968,FI,1,21,146249,large_item,1,1,18386,0,0,0,0,1,0
34354,DE,1,10,272483,small_item,1,1,686,1,1,0,0,1,0
20085,IT,1,4,90759,small_item,0,0,11599,1,0,0,0,1,0
39334,FI,1,21,167244,large_item,1,1,17326,1,1,0,0,3,0
22042,CA,0,21,160272,digital,1,1,22042,1,1,0,0,1,0
13379,US,0,20,11104,large_item,1,0,13379,0,1,0,0,1,0
11660,DE,1,15,18597,small_item,1,1,10497,0,0,1,0,1,0
23443,CN,0,6,182572,small_item,1,1,23443,1,0,1,0,1,1
7627,CA,1,0,306433,large_item,0,0,14354,1,1,0,0,1,0
21610,CN,1,9,230179,digital,1,0,16189,0,0,1,0,1,1
31956,DN,1,6,16080,small_item,1,0,15292,0,0,0,0,1,0
19625,US,1,21,313896,digital,0,1,15685,1,0,0,0,1,0
31684,CN,1,15,153955,large_item,0,0,9315,1,0,1,0,1,1
33120,IT,1,16,130431,large_item,1,1,4447,0,0,1,0,1,0
32205,UK,1,6,349092,digital,1,0,4235,1,1,1,0,1,0
36690,US,0,13,145141,small_item,1,0,36690,0,1,0,0,1,0
12271,UK,0,8,300265,small_item,0,0,12271,1,0,0,0,1,0
30851,UK,0,15,46508,small_item,1,0,30851,1,0,0,0,1,0
19732,IN,0,18,156950,small_item,0,1,19732,0,0,0,0,1,0
16587,CN,0,0,52402,small_item,0,1,16587,1,1,0,0,1,1
1142,DE,0,10,84293,large_item,0,0,1142,1,1,0,0,1,0
7115,CN,1,1,291149,large_item,1,0,4733,0,0,1,0,3,1
28415,FI,0,4,352114,large_item,0,0,28415,1,1,1,0,1,0
11591,FI,0,3,294921,digital,1,1,11591,1,1,0,0,1,0
34363,UK,1,6,48541,small_item,0,0,14673,0,1,0,0,1,1
3541,CA,1,17,304991,large_item,1,0,11521,1,0,0,0,1,0
28484,UK,0,22,41124,large_item,0,1,28484,0,1,1,0,2,0
9419,CN,1,22,220899,small_item,0,0,6799,1,0,0,0,1,1
9219,DE,0,19,25673,digital,1,0,9219,0,0,0,0,1,0
22504,DN,1,5,110573,digital,1,1,9954,0,0,0,0,1,0
7181,DE,0,2,22584,digital,1,1,7181,1,1,0,0,1,0
39239,US,0,5,136922,large_item,0,0,39239,0,0,1,0,1,1
19381,DN,0,12,34500,small_item,0,1,19381,0,0,1,0,1,0
25079,UK,1,19,80042,small_item,1,0,3368,0,1,1,0,1,0
8493,FI,1,21,72610,small_item,1,0,6477,1,0,1,0,1,0
19597,DE,1,14,133436,digital,1,1,3393,0,0,1,0,2,0
4217,FI,0,21,232451,small_item,1,0,4217,1,0,1,0,1,0
23428,CA,0,3,117340,small_item,1,0,23428,1,1,0,0,1,0
38680,DE,0,13,149876,large_item,1,1,38680,1,1,1,0,1,0
1812,CA,1,22,260260,small_item,1,1,7852,0,1,0,0,2,0
33209,DN,0,9,34173,digital,0,0,33209,0,1,0,0,1,0
1868,IT,1,19,255971,small_item,0,0,2455,1,1,1,0,1,0
1169,DN,1,20,120705,digital,1,1,590,1,0,1,0,1,0
6437,DE,1,10,42145,digital,0,0,11394,1,1,1,0,1,0
28783,CN,0,13,282491,digital,0,0,28783,1,1,0,0,1,1
13668,IT,0,20,317497,small_item,0,0,13668,0,0,1,0,1,1
38108,DE,1,5,92112,large_item,0,0,720,0,1,1,0,2,1
22837,CA,0,2,24955,small_item,0,1,22837,0,0,1,0,1,0
1141,IN,0,5,16423,large_item,0,0,1141,0,0,0,0,1,0
22675,IN,0,5,159721,digital,0,0,22675,1,0,0,0,1,0
19473,FI,1,17,261393,large_item,0,0,2645,0,1,0,0,1,1
24606,CA,0,5,200648,digital,1,1,24606,0,0,0,0,1,0
24461,IT,1,2,113849,digital,0,0,14269,0,1,0,0,1,0
18932,DN,0,11,36497,large_item,0,0,18932,0,0,1,0,1,1
33138,CA,1,18,341353,small_item,0,0,18317,1,0,1,0,1,0
2751,IN,0,18,218168,small_item,0,1,2751,0,0,0,0,1,0
2466,IN,0,20,329417,large_item,1,1,2466,1,1,1,0,3,0
19117,US,1,18,127554,small_item,1,1,2483,1,0,0,0,1,0
22238,CA,0,10,21771,small_item,1,1,22238,0,1,1,0,1,0
25648,IT,1,14,81527,digital,1,1,15922,0,0,0,0,1,0
27844,DE,1,9,263378,digital,0,0,12881,0,0,1,0,3,0
28016,DE,1,18,148969,small_item,1,1,13464,0,1,0,0,1,0
18408,DN,1,22,68162,large_item,0,0,8077,0,1,1,0,1,1
30268,CN,0,16,201967,small_item,1,0,30268,1,0,1,0,1,1
33913,CN,1,18,138243,digital,1,1,6068,1,1,0,0,1,1
2319,IT,1,3,3783,digital,1,1,6997,1,0,1,0,1,0
12734,UK,0,2,289204,large_item,0,0,12734,1,0,0,0,1,0
12190,UK,0,8,268954,small_item,1,0,12190,0,0,1,0,1,0
20626,DE,0,22,284462,small_item,0,0,20626,0,0,0,0,1,1
20128,US,0,6,149454,digital,1,1,20128,0,0,0,0,1,0
31881,DN,1,18,315261,digital,0,0,13928,1,1,1,0,3,0
17192,IN,0,13,308163,digital,1,1,17192,0,1,1,0,1,0
30858,US,1,18,167722,large_item,0,1,8101,1,0,1,0,3,0
38059,US,1,1,33153,large_item,0,1,17586,1,0,0,0,1,0
7930,UK,1,21,144154,digital,1,1,587,1,0,0,0,1,0
4145,CN,0,6,18744,large_item,0,0,4145,0,1,1,0,1,1
30569,DN,0,20,11199,small_item,0,1,30569,1,0,1,0,1,0
8474,US,0,15,89086,digital,0,1,8474,1,0,0,0,1,0
36921,UK,0,12,76369,small_item,0,1,36921,0,0,0,0,1,0
10079,DN,1,22,352866,small_item,0,1,5468,0,1,0,0,1,0
34626,IN,1,2,125539,digital,0,1,5028,1,1,1,0,1,0
31242,UK,1,19,149873,digital,0,1,1837,0,0,0,0,1,0
8985,UK,0,17,55538,digital,1,0,8985,0,1,0,0,1,0
37983,DE,0,23,166402,small_item,0,1,37983,1,1,1,0,3,0
36365,CN,0,11,197439,small_item,1,0,36365,0,1,1,0,1,1
28588,FI,0,12,34518,digital,0,1,28588,1,0,0,0,1,0
24019,DE,0,0,89289,large_item,0,0,24019,0,0,0,0,1,1
14869,UK,1,10,136623,digital,0,1,7226,1,1,1,0,3,0
20782,DE,0,6,201835,large_item,1,1,20782,0,0,0,0,1,0
27091,CN,1,19,226312,large_item,0,1,5143,1,0,1,0,1,1
9333,US,1,12,254847,small_item,0,0,12315,1,0,0,0,1,0
16424,CN,1,6,271756,digital,1,1,4280,0,1,1,0,2,1
31101,US,0,15,155158,large_item,0,1,31101,0,1,1,0,1,0
9778,DE,0,11,132406,small_item,0,0,9778,1,1,1,0,1,0
17858,UK,0,1,287543,digital,0,1,17858,0,0,0,0,1,0
25556,FI,0,22,47322,large_item,0,0,25556,1,0,0,0,1,0
13861,FI,1,3,36393,large_item,0,1,4651,0,1,0,0,1,0
15193,UK,0,19,109986,small_item,1,1,15193,1,0,0,0,1,0
24970,DE,0,1,6645,large_item,1,0,24970,0,1,0,0,1,0
11669,FI,1,4,224473,digital,0,0,11247,0,0,1,0,1,0
9133,FI,1,13,336447,digital,0,1,15300,0,1,1,0,1,0
24904,FI,0,23,179039,digital,1,1,24904,1,1,1,0,3,0
29277,IN,1,1,231268,digital,1,1,15281,1,1,1,0,1,0
5543,US,0,8,34296,large_item,0,0,5543,1,0,0,0,1,0
22789,DE,0,14,347875,small_item,1,1,22789,1,0,1,0,1,0
4974,FI,1,0,275966,digital,1,0,7163,1,0,1,0,1,0
22015,DE,0,9,135916,digital,1,1,22015,0,0,1,0,1,0
28033,FI,0,5,76183,large_item,1,0,28033,0,1,0,0,1,0
10969,IN,0,10,64812,digital,1,1,10969,0,1,0,0,1,0
17802,DN,0,21,171958,small_item,0,1,17802,1,1,1,0,1,0
32518,US,0,15,243656,small_item,0,1,32518,1,1,0,0,1,0
18078,FI,1,11,32501,digital,1,0,669,1,0,0,0,3,0
25535,CA,1,20,250655,large_item,0,0,3188,1,0,1,0,1,0
10726,DE,1,15,172648,digital,1,0,15578,0,0,0,0,1,0
39797,FI,0,15,310954,digital,1,1,39797,1,1,0,0,1,0
22423,CA,1,15,123302,large_item,1,1,693,0,0,1,0,1,0
17336,IN,1,3,163958,digital,1,0,18934,0,0,1,0,1,0
12828,IT,0,11,266838,digital,1,1,12828,1,0,0,0,1,0
34303,UK,1,21,202137,large_item,0,1,506,1,0,0,0,1,0
33385,FI,1,0,129146,small_item,0,0,18849,0,1,1,0,1,1
26002,FI,0,15,96891,digital,0,0,26002,1,1,1,0,1,0
6342,DN,0,11,28460,digital,0,0,6342,0,0,1,0,3,0
24432,US,1,11,17043,small_item,0,0,7899,0,1,1,0,1,1
19647,IN,1,5,67053,small_item,0,0,19343,1,1,0,0,1,0
3862,UK,0,2,185483,small_item,0,1,3862,1,1,0,0,1,0
36472,IN,1,10,184103,small_item,0,1,15709,0,1,1,0,1,0
15054,DE,0,19,80000,large_item,1,0,15054,1,1,0,1,3,0
20549,IN,1,15,42662,small_item,1,1,9936,0,0,1,0,1,0
22168,UK,0,11,52726,digital,0,1,22168,0,0,0,0,1,0
13709,US,0,17,35169,large_item,1,1,13709,1,0,0,0,1,0
10116,UK,1,7,173124,digital,0,1,5785,1,0,0,0,1,0
10575,DE,0,12,306894,digital,0,1,10575,0,1,1,0,1,0
33769,FI,0,9,338008,digital,1,1,33769,0,0,0,0,1,0
35015,FI,0,2,307219,large_item,0,0,35015,1,1,0,0,1,0
22216,CN,1,15,174996,digital,1,1,17667,1,1,1,0,3,1
29171,IN,0,16,237372,small_item,1,0,29171,1,0,1,0,1,0
14747,FI,1,8,212746,digital,0,0,2730,1,0,0,0,1,0
37470,IN,0,9,180596,digital,0,0,37470,0,1,1,0,1,0
29865,DE,0,19,24140,large_item,1,1,29865,0,0,0,0,1,0
18541,CA,1,7,88997,small_item,0,1,18989,1,1,0,0,1,0
31185,UK,1,13,21258,small_item,1,0,12349,0,1,1,0,1,0
37186,CA,0,0,84134,digital,1,0,37186,1,1,0,0,1,0
9686,CA,0,3,9408,large_item,0,0,9686,0,0,0,0,3,0
31700,CN,0,19,72004,digital,1,1,31700,1,0,1,0,1,1
27619,UK,0,19,20646,large_item,1,1,27619,0,1,0,0,1,0
34916,IT,1,0,301941,small_item,1,1,3339,0,1,0,0,1,0
32090,US,1,16,163066,large_item,1,1,12544,1,0,1,0,1,0
32309,DE,0,1,89780,large_item,1,0,32309,0,1,0,0,1,0
32698,CA,1,1,252520,digital,1,1,769,0,1,1,0,1,0
37140,IT,0,0,22352,large_item,1,0,37140,1,1,0,0,1,0
35479,US,1,5,331267,small_item,0,1,17578,1,1,0,0,1,0
16399,IT,0,17,27245,small_item,0,1,16399,0,1,1,0,3,0
36621,FI,1,18,195796,small_item,0,0,8290,0,0,0,0,1,1
23518,CA,1,12,271503,small_item,1,0,7317,0,1,1,0,1,0
29134,CN,0,10,142845,large_item,1,0,29134,1,0,0,0,1,1
20665,FI,1,14,311548,digital,0,1,12934,0,1,0,0,1,0
24268,CA,0,5,264476,digital,1,0,24268,1,0,1,0,1,0
11236,IN,1,5,277430,digital,1,1,1449,1,0,0,0,1,0
17607,CA,0,9,244755,digital,1,1,17607,0,0,1,0,1,0
23594,DE,1,18,46562,small_item,0,0,8091,1,1,1,0,1,0
39160,IN,1,22,41936,large_item,1,1,10764,1,1,0,0,1,0
22875,CA,0,10,321044,digital,0,1,22875,1,0,0,0,1,0
9680,IN,0,0,203400,large_item,0,1,9680,0,0,0,0,2,0
12973,FI,0,4,153587,large_item,0,1,12973,1,0,0,0,1,0
31327,US,1,15,333667,small_item,0,1,17783,1,1,0,0,1,0
35035,CN,0,4,208680,large_item,1,1,35035,1,0,0,0,1,1
22627,CA,0,17,4813,digital,1,1,22627,1,0,0,0,1,0
5192,CA,0,23,85077,large_item,0,0,5192,0,1,1,0,1,0
10842,US,1,14,110253,small_item,1,0,14605,0,0,1,0,1,0
6546,DE,1,19,120176,digital,0,1,17009,1,1,0,0,1,0
4519,CA,0,20,290882,digital,0,1,4519,1,1,1,0,1,0
37735,FI,0,13,299854,digital,0,1,37735,0,1,1,0,1,0
23834,US,1,14,39470,small_item,1,1,7048,1,0,0,0,1,0
26149,IN,1,12,67707,small_item,0,0,16376,0,1,1,0,1,1
15103,DN,1,17,239605,small_item,0,1,1075,1,1,1,0,1,0
30168,UK,1,13,130071,digital,0,0,16857,1,0,0,0,1,0
23300,DN,1,22,5132,small_item,1,1,4581,1,1,1,0,1,0
37513,DN,1,14,165941,digital,0,0,4874,1,1,0,0,1,0
26109,IN,0,16,355102,digital,0,1,26109,1,0,1,0,1,0
32342,DN,0,13,101401,digital,0,1,32342,1,1,0,0,1,0
15021,CA,1,6,37587,digital,0,1,19329,0,0,0,0,3,0
2780,IT,0,13,133292,small_item,1,0,2780,0,0,0,0,1,0
21240,UK,1,12,13935,digital,0,0,16825,0,0,1,0,1,0
20485,DE,1,19,195460,large_item,1,1,6940,1,0,1,0,1,0
15512,IT,0,20,184125,small_item,0,0,15512,0,0,0,0,2,1
30755,IN,0,12,190433,small_item,0,1,30755,0,1,0,0,1,0
5985,US,0,5,131591,large_item,1,1,5985,0,1,1,0,1,0
34830,UK,0,23,222984,small_item,1,0,34830,0,0,1,0,1,0
38777,CN,1,11,158264,small_item,1,0,17447,1,1,0,0,2,1
10861,IT,0,20,49196,small_item,0,1,10861,1,0,0,0,1,0
36553,CA,0,3,183122,small_item,1,1,36553,1,0,1,0,2,0
12533,DN,1,20,59367,digital,1,0,17316,1,0,0,0,1,0
1949,CA,1,19,28170,small_item,0,0,15468,1,1,0,0,1,0
24396,UK,0,18,132880,small_item,0,1,24396,0,1,0,0,1,0
16912,FI,1,12,274069,large_item,1,1,3363,0,0,1,0,1,0
29447,FI,1,12,336254,small_item,1,0,17043,0,0,0,0,1,0
16470,CA,1,14,167074,large_item,0,1,3316,1,1,1,0,1,0
18836,CA,1,11,121532,large_item,0,0,5439,1,1,0,0,1,0
31352,US,1,9,196494,digital,0,0,1922,1,0,1,0,1,0
7455,IT,1,22,155826,large_item,0,0,10923,0,0,1,0,1,0
26939,IT,0,11,193729,small_item,0,0,26939,1,0,1,0,1,0
12984,DE,1,2,222791,large_item,1,0,1085,1,1,0,0,1,0
30881,US,1,19,76995,small_item,0,0,19805,0,1,1,0,1,1
25102,FI,0,21,312870,small_item,1,1,25102,0,1,1,0,3,0
19015,DN,0,14,141024,small_item,1,0,19015,0,0,1,0,1,0
36716,FI,0,2,243549,digital,0,0,36716,1,0,0,0,1,0
29136,US,1,13,136643,digital,0,1,9054,0,1,0,0,1,0
36619,US,1,8,153527,small_item,1,0,4445,1,0,1,0,1,0
6168,DE,1,3,164400,large_item,1,0,15704,0,0,0,0,1,0
1786,CN,0,21,133096,large_item,1,1,1786,1,1,1,0,1,1
18694,DE,0,16,300309,small_item,0,0,18694,1,0,0,0,1,0
9000,DE,1,20,320221,digital,0,0,1402,1,1,0,0,1,0
11887,CN,0,23,112985,large_item,1,0,11887,1,1,0,0,1,1
4442,FI,1,19,213237,small_item,0,1,4703,0,1,1,0,1,0
2368,CA,1,8,231522,large_item,1,0,7851,0,0,1,0,1,0
30083,CA,0,1,61603,large_item,0,1,30083,1,0,0,0,1,0
33896,FI,1,5,138558,small_item,1,0,9352,0,0,1,0,1,0
10787,CN,1,23,298630,large_item,0,1,10913,1,1,0,0,1,1
31800,IT,0,14,293507,digital,0,0,31800,1,1,0,0,1,0
37684,IT,0,22,125776,large_item,1,1,37684,0,1,0,0,1,0
32773,IN,1,15,32458,small_item,1,1,17481,0,1,0,0,1,0
14528,CN,0,1,220936,small_item,0,0,14528,0,1,0,0,1,1
28462,US,0,15,266583,small_item,1,0,28462,1,0,1,0,1,0
34260,IT,0,21,289417,digital,1,0,34260,1,0,1,0,1,0
6366,FI,1,7,221324,small_item,1,1,2155,0,0,0,0,2,0
29531,IN,0,12,339650,large_item,0,1,29531,0,1,1,0,1,0
9130,US,0,15,62759,large_item,0,1,9130,1,1,1,0,1,0
21828,CN,1,7,348982,digital,0,1,5946,0,1,1,0,1,1
9403,IT,1,9,340276,small_item,1,1,17006,1,0,1,0,1,0
35663,US,1,16,72694,digital,0,1,4063,1,0,0,0,1,0
22360,DE,1,22,324859,large_item,1,1,13151,1,1,0,0,1,0
30725,CN,1,19,268571,large_item,0,1,9638,0,1,0,0,1,1
2981,DE,1,14,232675,digital,1,0,10225,0,1,0,0,1,0
38211,DN,0,2,246623,digital,0,0,38211,0,0,0,0,1,0
30318,UK,1,10,94910,digital,1,0,8861,0,1,0,0,1,0
13845,DN,0,12,173436,large_item,0,0,13845,0,0,1,0,1,1
9253,CA,0,0,294755,digital,0,0,9253,1,0,0,0,1,0
26471,FI,1,21,277677,small_item,1,0,19647,1,1,0,0,1,0
10223,UK,0,21,100514,small_item,1,0,10223,1,1,1,0,1,0
3006,US,0,16,316612,small_item,1,0,3006,0,1,1,0,1,0
7444,DN,1,21,315326,digital,0,0,11760,0,1,1,0,1,0
22759,FI,1,2,139417,digital,0,1,11409,1,0,0,0,2,0
3883,UK,0,13,304095,small_item,0,0,3883,0,1,1,1,1,0
32640,US,1,1,57051,digital,0,1,5002,1,0,0,0,2,0
29767,UK,0,22,233223,large_item,1,0,29767,0,0,0,0,1,0
36674,DE,0,20,200934,large_item,1,1,36674,1,0,1,0,1,0
20335,US,0,7,280483,small_item,0,1,20335,0,0,1,1,1,0
17197,IN,0,8,323530,small_item,0,1,17197,0,1,0,0,2,0
6922,CA,1,1,65260,digital,0,0,10338,1,1,0,0,1,0
8093,CN,0,1,100921,small_item,0,1,8093,0,0,0,0,1,1
2970,FI,1,13,112861,small_item,0,1,17077,1,0,1,0,1,0
6584,UK,1,6,157421,large_item,1,0,18833,0,0,0,0,3,0
11913,IN,0,10,247809,digital,0,1,11913,0,0,1,0,1,0
3705,FI,1,23,27922,digital,1,1,14900,1,0,1,0,1,0
20955,US,0,9,189708,small_item,0,1,20955,0,1,1,0,1,0
6769,US,0,8,349194,digital,0,1,6769,1,0,1,0,3,0
33656,US,1,15,166088,small_item,0,1,3761,1,0,1,0,1,0
33398,CN,1,8,135850,digital,1,0,6105,1,0,0,0,1,1
37471,IT,0,3,93007,large_item,1,1,37471,0,0,1,0,1,0
3558,CA,0,20,157520,small_item,0,1,3558,0,1,1,0,1,0
33535,UK,0,2,198068,small_item,0,0,33535,0,1,0,0,1,1
30147,IT,1,15,280484,large_item,1,1,3501,1,1,0,0,1,0
12137,DE,0,12,133275,digital,0,0,12137,0,1,1,0,1,0
7333,IN,0,3,7934,small_item,1,0,7333,1,0,1,0,1,0
1784,DN,1,7,111763,digital,0,1,5601,1,1,0,0,1,0
21573,DN,1,1,199451,small_item,0,0,19762,1,0,0,0,1,0
23448,DN,1,9,37013,large_item,1,1,10391,0,0,0,0,1,0
32192,UK,1,2,122774,small_item,1,0,3315,0,0,0,0,1,0
13944,FI,0,21,133597,large_item,1,1,13944,0,1,0,0,1,0
9790,UK,0,13,30460,small_item,0,1,9790,1,0,0,0,1,0
1812,DE,1,18,359067,digital,0,1,9290,0,0,0,0,1,0
7375,US,0,4,120646,digital,1,0,7375,1,0,1,0,1,0
12050,UK,1,5,26374,digital,0,0,11116,0,0,1,0,1,0
6769,DN,1,21,137201,small_item,0,0,8118,0,0,1,0,1,0
12250,CA,1,20,259941,large_item,1,0,8510,1,1,0,0,1,0
9456,DN,1,14,175671,digital,0,0,17689,0,1,1,0,1,0
28721,CN,0,0,346062,small_item,1,1,28721,1,1,0,0,1,1
35330,DE,1,0,47733,small_item,1,0,11398,0,1,0,0,2,0
18883,IN,1,1,131011,digital,1,0,19157,1,0,0,0,1,0
8432,CA,0,1,12018,small_item,0,0,8432,1,0,0,0,1,0
13749,CA,1,8,214271,large_item,1,0,2931,0,1,1,0,1,0
5620,DE,0,9,33560,large_item,1,1,5620,0,0,1,0,1,0
15198,FI,1,11,115935,small_item,0,1,10872,0,0,1,0,1,0
18563,US,1,13,290469,small_item,0,1,11483,0,0,0,0,1,0
27368,DE,1,7,28526,digital,0,0,16295,0,1,0,0,1,0
1781,UK,1,21,65073,large_item,0,1,17947,1,1,1,0,1,0
30118,UK,0,9,142652,large_item,0,0,30118,1,1,1,0,1,0
28824,DE,0,9,90771,digital,0,0,28824,1,1,1,0,1,0
2612,US,0,9,229069,digital,0,0,2612,0,0,1,0,1,0
18457,US,0,19,61861,digital,0,0,18457,0,0,1,0,1,0
22749,IN,1,14,136960,digital,1,1,6784,0,0,0,0,1,0
11745,CA,1,20,149565,small_item,1,0,19852,0,0,1,0,1,0
27010,UK,1,1,76158,large_item,1,0,14194,1,0,1,0,1,0
17701,FI,1,21,119194,small_item,1,0,1368,0,1,1,0,1,0
21745,IN,1,7,332141,digital,1,0,11150,0,0,0,0,1,0
2133,IN,0,10,302634,digital,1,0,2133,1,1,1,0,1,0
31429,UK,1,16,123529,digital,1,1,12879,1,0,1,0,1,0
11671,CN,1,19,195677,large_item,1,1,14211,0,1,0,0,1,1
32347,CN,1,3,272167,small_item,0,1,5174,0,0,1,0,1,1
26257,DE,0,12,220391,digital,1,1,26257,0,0,1,0,1,0
26637,IN,1,4,78943,small_item,0,0,14135,1,1,0,0,2,0
11908,DE,0,7,144005,large_item,0,0,11908,1,1,1,0,3,0
38928,DE,0,3,313231,large_item,0,1,38928,0,1,1,0,1,0
2669,FI,1,16,32568,large_item,1,1,17829,1,1,0,0,1,0
11979,US,1,18,165159,large_item,0,1,5324,1,0,1,0,1,0
7844,CA,0,9,12201,small_item,1,0,7844,1,1,1,0,1,0
14814,CN,0,1,162444,digital,0,0,14814,0,1,1,0,3,1
18965,UK,1,13,156316,large_item,1,1,1300,1,0,1,0,1,0
4905,DE,0,4,114104,small_item,1,1,4905,0,1,0,0,1,0
31560,IN,0,7,199846,large_item,0,1,31560,0,0,0,0,1,0
25459,IN,0,16,148635,digital,0,0,25459,1,1,0,0,3,0
37572,DN,1,2,62526,large_item,0,0,7504,0,0,0,0,1,1
21119,DN,1,16,353159,large_item,1,1,2161,1,1,1,0,1,0
27842,FI,0,3,273698,small_item,1,1,27842,0,0,1,0,1,0
5208,FI,0,19,134461,digital,0,0,5208,1,1,1,0,1,0
29196,US,1,21,169562,small_item,0,0,16761,0,1,0,0,1,1
6843,DE,1,12,71749,small_item,1,1,8499,1,0,1,0,3,0
18113,IN,1,1,30144,digital,0,1,16680,1,0,0,0,1,0
8205,UK,1,21,272323,large_item,0,1,5473,0,0,1,0,1,0
23231,IN,0,0,18876,small_item,0,0,23231,1,0,0,0,3,0
38209,UK,0,5,305184,small_item,0,0,38209,0,0,1,0,1,1
33911,UK,1,1,32785,small_item,1,0,3447,0,1,0,0,1,0
21483,FI,1,6,300713,small_item,0,0,9849,0,0,1,0,1,1
16034,CA,1,13,129412,large_item,0,1,1774,0,1,1,0,1,0
8118,DE,0,14,175044,large_item,0,0,8118,1,0,0,0,3,0
1368,CN,1,10,185327,small_item,0,1,11261,0,1,0,0,1,1
13584,UK,0,0,14302,digital,0,0,13584,1,1,1,0,1,0
24151,DE,0,21,194961,small_item,0,0,24151,1,0,1,0,1,0
34029,CA,0,23,195288,digital,1,0,34029,1,0,1,0,1,0
36926,CA,0,2,147472,small_item,1,1,36926,1,0,1,0,3,0
26365,IN,0,5,158367,digital,0,0,26365,0,0,1,0,1,0
5743,FI,1,21,61569,digital,0,1,18786,0,0,0,0,1,0
23519,DN,1,11,282017,small_item,0,1,5771,0,0,1,0,1,0
8784,FI,0,6,192136,small_item,0,1,8784,0,1,0,0,2,0
16006,UK,1,14,87834,large_item,1,0,11984,0,0,1,0,1,0
23129,DE,1,19,266886,digital,0,1,19465,0,0,0,0,1,0
38786,US,1,8,13119,large_item,0,1,11171,0,0,1,0,1,0
26471,US,0,13,64464,small_item,0,0,26471,1,1,1,0,1,0
24684,DN,1,0,203361,digital,1,0,4437,1,0,0,0,1,0
19773,DE,0,4,121294,large_item,1,1,19773,1,1,1,0,1,0
13711,FI,1,14,127436,large_item,0,1,2875,0,0,1,0,1,0
21828,IN,1,15,203938,digital,1,0,15059,1,0,1,0,1,0
38023,IN,1,14,288364,small_item,0,1,4242,1,0,0,0,1,0
2301,DN,0,14,159993,small_item,0,1,2301,1,0,1,0,1,0
7590,DE,1,5,324325,small_item,0,1,5396,1,1,1,0,1,0
12228,DE,1,1,157695,digital,0,1,10290,1,0,0,0,1,0
38884,DN,0,10,328014,large_item,0,1,38884,1,0,0,0,1,0
29551,FI,0,0,35763,large_item,1,1,29551,1,0,1,0,3,0
10078,CA,0,18,322478,digital,1,0,10078,1,0,1,0,1,0
26335,UK,0,5,205468,small_item,0,0,26335,1,0,1,0,1,0
36847,FI,1,7,62896,digital,1,0,6131,0,0,0,0,1,0
3033,IN,0,5,54913,large_item,0,0,3033,0,1,1,0,1,0
851,DE,1,19,186139,digital,1,1,18956,1,0,0,0,1,0
14409,IN,0,4,37822,small_item,1,1,14409,1,0,0,0,1,0
6780,FI,1,4,356594,large_item,1,0,4312,1,1,0,0,3,0
17283,DE,1,15,71768,large_item,1,0,14751,0,1,1,0,1,0
22287,CN,1,14,264112,small_item,1,1,13796,1,0,0,0,1,1
15643,DN,1,8,346098,digital,0,1,10813,1,1,0,0,1,0
33611,DN,0,5,329355,large_item,1,0,33611,1,1,0,0,1,0
20473,CN,0,20,30215,small_item,1,0,20473,0,1,1,0,1,1
16775,DN,0,3,103865,digital,0,0,16775,1,0,0,0,1,0
9208,DE,1,8,272054,large_item,0,1,16045,0,1,0,0,2,0
3739,DN,0,23,144411,digital,0,0,3739,0,0,1,0,1,0
9796,US,0,0,202596,small_item,0,1,9796,1,1,0,0,1,0
19695,IN,0,20,206555,digital,0,1,19695,1,0,0,0,1,0
23550,FI,1,9,11595,digital,1,1,11430,0,0,1,0,2,0
21645,IT,1,19,223966,digital,1,1,15277,1,0,1,0,1,0
38237,IT,1,22,135053,small_item,0,1,17627,1,0,1,0,1,0
23423,US,0,14,196981,large_item,0,0,23423,1,1,0,0,1,0
33179,IN,1,10,343959,digital,1,1,18589,0,1,1,0,1,0
15203,IT,0,10,336562,small_item,1,1,15203,0,1,0,0,1,0
36516,UK,1,18,356980,large_item,0,1,3460,1,1,0,0,3,0
4796,CA,1,18,321461,large_item,0,1,7893,0,0,0,0,3,0
25840,IN,0,16,64677,large_item,0,0,25840,0,1,0,0,1,1
37104,FI,0,5,150937,large_item,1,1,37104,0,0,0,1,2,0
5606,CN,0,5,247679,small_item,0,0,5606,0,0,0,0,1,1
3371,US,0,22,294619,large_item,1,1,3371,1,1,1,0,1,0
9034,UK,1,16,118472,small_item,1,1,6991,1,0,0,0,1,0
22928,UK,1,1,341911,large_item,1,0,6128,0,1,0,0,1,0
14715,CN,1,1,40893,small_item,0,1,4304,1,0,0,0,1,1
5911,DN,1,7,77126,digital,1,1,15455,1,1,1,0,1,0
13473,DE,0,23,211803,small_item,0,1,13473,0,0,1,0,1,0
28532,US,1,10,21755,small_item,1,0,17157,0,1,0,0,1,0
4643,US,0,14,221699,large_item,1,1,4643,0,0,0,0,1,0
20042,US,1,21,207886,digital,0,1,529,1,0,0,0,1,0
11930,UK,0,15,251680,digital,1,0,11930,1,0,0,0,1,0
17980,US,1,12,39414,small_item,1,0,18253,0,0,1,0,1,0
2011,CN,1,3,298595,large_item,0,0,8664,0,1,1,0,1,1
32097,US,1,23,261622,large_item,1,0,17271,1,1,0,0,1,0
28642,DN,0,7,356879,digital,0,1,28642,1,0,0,0,1,0
30917,IT,0,9,274728,large_item,0,1,30917,0,1,1,0,1,0
28059,FI,0,16,22606,large_item,0,1,28059,0,1,0,0,1,0
26413,US,1,20,271079,digital,1,0,15305,1,1,0,0,1,0
29410,UK,0,22,279747,digital,0,0,29410,0,1,0,0,3,0
12531,DE,0,9,57680,digital,1,1,12531,0,1,0,0,1,0
38151,FI,0,2,350616,small_item,1,0,38151,1,0,0,0,1,0
13836,DN,0,2,295946,digital,1,1,13836,1,1,1,0,1,0
27034,CN,1,13,25140,digital,1,0,17572,0,0,0,0,1,1
30032,FI,0,10,320721,small_item,1,1,30032,1,1,1,0,1,0
731,DN,0,3,116168,small_item,1,0,731,1,1,1,0,3,0
23578,IN,1,13,91368,large_item,1,0,8659,0,0,0,0,1,0
12433,US,1,14,230179,large_item,0,0,16451,0,1,1,0,1,1
15213,CN,1,8,306500,large_item,1,0,3727,0,1,1,0,1,1
17109,CN,1,1,145682,large_item,1,1,2068,0,1,0,0,1,1
25036,CA,1,14,118093,digital,0,0,7300,0,1,0,0,1,0
30753,US,0,19,71074,digital,1,0,30753,0,1,1,0,1,0
7604,CA,0,3,135377,digital,0,1,7604,1,1,0,0,1,0
29168,FI,1,5,293791,small_item,1,1,7196,1,1,0,0,1,0
24050,CN,1,11,318207,small_item,0,1,852,0,1,0,0,1,1
10807,CN,0,17,28677,small_item,1,0,10807,0,0,0,0,1,1
30645,CA,0,11,184349,small_item,1,1,30645,1,0,1,0,1,0
14477,CN,1,3,63223,large_item,1,1,15161,0,1,1,0,1,1
3425,CA,1,3,228763,small_item,0,0,8801,1,1,1,0,1,0
34077,UK,0,8,262135,digital,0,0,34077,0,1,0,0,1,0
21111,US,0,15,329909,digital,0,0,21111,1,1,0,0,1,0
13577,IT,0,19,107739,small_item,0,0,13577,0,1,1,0,1,1
31394,CN,1,2,261983,small_item,1,0,16236,1,1,0,0,2,1
17924,CA,1,20,87443,digital,1,1,1190,1,1,1,0,1,0
23752,CA,0,10,301595,small_item,1,0,23752,0,0,1,0,1,0
21518,IN,1,12,268887,small_item,0,0,15440,1,1,0,0,2,0
25019,IT,0,17,244637,small_item,0,1,25019,1,0,1,0,1,0
9163,CA,1,4,25666,small_item,1,0,3729,0,1,1,0,1,0
26203,UK,0,7,33201,small_item,1,0,26203,1,1,0,0,1,0
20498,IT,1,3,203272,small_item,0,0,18699,1,0,0,0,1,0
4829,CN,1,9,275041,digital,1,1,13731,1,0,0,0,1,1
34431,DE,0,7,202744,digital,0,1,34431,0,1,1,0,1,0
30331,CN,0,13,20778,small_item,1,1,30331,0,1,0,0,1,1
24361,FI,1,8,328585,large_item,0,0,16178,0,1,1,0,2,1
32117,CN,1,11,264090,digital,1,1,14187,0,1,0,0,1,1
39682,CA,0,4,120803,digital,0,0,39682,0,1,0,0,1,0
26380,DE,1,23,248397,small_item,1,1,1826,0,1,0,0,1,0
19560,FI,1,3,260694,large_item,0,1,19349,1,0,0,0,1,0
4816,IT,1,6,305569,digital,1,1,9994,0,1,0,0,1,0
8033,UK,1,5,313055,small_item,0,0,6408,0,0,0,0,1,0
32958,US,0,19,330941,small_item,1,1,32958,1,1,0,0,2,0
12442,DN,1,1,254893,small_item,1,0,14274,1,1,1,0,1,0
34735,IT,1,2,327201,small_item,1,0,15573,0,1,1,0,1,0
39891,US,0,7,305107,large_item,1,1,39891,1,1,0,0,1,0
2771,DE,0,10,164230,digital,1,0,2771,1,0,0,0,1,0
14757,UK,0,4,308857,large_item,1,1,14757,0,1,1,0,1,0
27997,US,1,0,182513,digital,0,1,16114,1,0,0,0,1,0
33371,DE,1,4,305354,large_item,0,1,11236,0,0,0,0,1,0
20795,IT,1,8,111199,large_item,1,1,15333,0,0,1,0,3,0
10471,IT,0,16,77805,small_item,1,1,10471,0,1,0,0,1,0
31492,US,1,21,183877,small_item,0,0,7192,1,1,1,0,2,0
1366,US,1,12,160770,large_item,0,0,11841,1,1,0,0,1,0
4841,CN,0,18,12701,small_item,1,0,4841,1,1,1,0,1,1
35889,FI,1,10,227751,small_item,1,0,13039,1,0,0,0,1,0
34927,DE,0,22,338388,large_item,1,0,34927,1,0,1,0,1,0
33890,DE,0,16,197640,digital,1,0,33890,1,1,1,0,1,0
5098,CA,0,10,36723,digital,1,1,5098,0,1,0,0,1,0
19993,CA,0,3,52519,digital,1,1,19993,1,1,0,0,1,0
22367,DN,0,23,330713,small_item,0,0,22367,1,0,1,0,1,0
31719,UK,0,9,322838,digital,1,0,31719,0,1,1,0,1,0
12046,FI,0,2,353818,small_item,1,1,12046,1,0,1,0,1,0
27218,DN,1,2,203411,small_item,0,0,19571,0,0,0,0,1,1
37477,DN,0,6,251626,digital,1,1,37477,1,0,1,0,1,0
19664,FI,1,12,187444,small_item,0,0,14385,0,0,1,0,1,1
35407,IT,0,0,283388,small_item,0,1,35407,0,1,1,0,1,0
20650,IT,0,4,284627,digital,0,0,20650,1,0,0,0,1,0
4298,CN,1,12,314754,digital,0,1,3930,1,0,0,0,1,1
3846,CN,1,0,326621,digital,0,0,12201,1,0,1,0,1,1
12974,IN,0,5,134062,digital,1,0,12974,0,1,1,0,1,0
27313,FI,1,2,286250,digital,0,0,6080,0,1,0,0,1,0
33690,IT,0,13,134681,digital,0,1,33690,0,0,0,0,1,0
12326,IT,0,4,202934,digital,0,0,12326,1,0,1,0,1,0
7234,IN,1,0,236697,digital,0,1,16567,1,0,1,0,3,0
10837,DN,1,21,222723,digital,1,0,10457,1,0,0,0,1,0
27570,IN,1,9,34020,digital,1,0,9618,0,1,0,0,1,0
2328,CN,0,3,232123,digital,0,0,2328,1,0,1,0,1,1
9211,DE,1,18,287274,digital,0,1,19501,1,1,0,0,2,0
27414,IT,0,1,30329,small_item,1,0,27414,1,0,1,0,2,0
13235,FI,0,8,185241,large_item,1,0,13235,1,1,0,0,3,0
6931,CA,0,2,166109,small_item,1,1,6931,1,0,1,0,1,0
2152,CA,0,5,43659,digital,0,0,2152,1,0,0,0,1,0
35601,FI,1,18,47444,digital,1,0,2481,0,0,1,0,1,0
32598,DN,1,21,284306,small_item,0,0,17046,1,0,1,0,1,0
31639,IT,1,5,274184,small_item,0,0,19923,0,1,1,0,1,1
28275,IN,0,21,254171,small_item,1,1,28275,0,1,0,0,1,0
14999,FI,1,2,342837,small_item,1,1,14522,1,1,1,0,1,0
37437,IN,0,2,70798,small_item,1,1,37437,1,0,1,0,1,0
27845,UK,1,3,308138,large_item,0,0,10318,0,0,1,0,1,1
28171,IT,0,9,38864,small_item,0,0,28171,1,0,1,0,1,0
29814,IT,1,1,330690,large_item,0,0,15044,0,1,0,0,1,1
6879,CA,0,17,82894,small_item,0,0,6879,1,1,0,0,1,0
1925,CA,1,17,195431,small_item,0,1,13257,0,0,0,0,1,0
18522,DE,1,1,271012,small_item,0,1,5584,1,0,1,0,1,0
20040,US,1,14,314571,digital,1,1,13906,1,1,0,0,1,0
32998,DE,0,1,99269,small_item,1,0,32998,0,0,1,0,1,0
23554,IT,1,2,123353,small_item,0,0,17285,1,0,0,0,1,0
11645,UK,1,2,113649,large_item,0,0,9469,0,0,1,0,1,1
10867,US,0,11,234329,large_item,1,1,10867,0,1,1,0,1,0
32137,UK,0,2,256742,large_item,1,0,32137,0,0,0,0,1,0
25211,DN,1,3,187683,digital,1,0,4353,1,0,0,0,1,0
35938,DE,1,14,175149,small_item,1,0,5047,1,0,0,0,1,0
22850,US,1,16,33506,small_item,0,0,4253,1,0,1,0,1,0
9833,DE,0,5,52554,digital,0,0,9833,0,1,1,0,1,0
2624,CN,1,16,105121,large_item,0,1,17009,1,0,1,0,1,1
34210,US,0,21,124892,digital,0,1,34210,0,0,1,0,1,0
15194,UK,0,1,259863,small_item,1,1,15194,0,0,1,0,1,0
17078,FI,1,13,291186,small_item,1,0,11854,1,1,1,0,1,0
27130,FI,0,23,25649,small_item,0,1,27130,0,0,0,0,2,0
15579,US,1,1,258244,digital,1,0,4720,0,0,1,0,2,0
1519,CN,1,16,130167,digital,0,0,5002,1,0,0,0,1,1
22189,IN,0,2,74518,large_item,1,0,22189,1,0,1,0,2,0
36278,US,0,9,260458,large_item,0,0,36278,0,1,1,0,1,1
38284,DN,0,18,111060,large_item,1,1,38284,1,1,0,0,1,0
38287,DE,1,17,225367,small_item,0,0,18982,0,1,0,0,1,1
7595,CA,0,20,16312,small_item,1,1,7595,0,0,0,0,1,0
18494,CN,0,18,107184,digital,1,1,18494,1,0,1,0,1,1
27947,CA,0,18,176132,digital,1,0,27947,0,1,1,0,1,0
4692,CA,0,11,124587,small_item,0,0,4692,1,0,0,0,1,0
28086,CA,0,3,205502,large_item,0,0,28086,0,1,0,0,1,1
16220,UK,0,17,358723,small_item,0,0,16220,0,1,1,0,1,1
38963,US,0,14,78788,small_item,1,1,38963,1,0,0,0,1,0
37513,UK,1,22,113612,large_item,1,0,19392,1,1,1,0,1,0
26904,UK,1,16,250860,digital,0,0,19278,0,1,0,0,1,0
16117,IT,0,4,133820,large_item,0,1,16117,1,1,1,0,1,0
27410,UK,1,18,4461,digital,1,0,9665,1,0,1,0,1,0
9448,DN,1,2,99200,large_item,1,0,18839,1,0,1,0,2,0
28368,FI,0,11,136451,digital,0,1,28368,1,1,0,0,1,0
10803,CA,1,21,251067,digital,0,0,12423,1,1,0,0,1,0
29956,IN,0,8,17792,small_item,1,0,29956,1,0,0,0,1,0
7613,CA,0,19,292524,large_item,0,1,7613,1,0,1,0,2,0
7506,FI,0,19,22906,large_item,0,0,7506,0,1,1,0,1,0
38834,US,0,4,284627,large_item,1,1,38834,0,1,0,0,1,0
26328,DE,0,22,62304,digital,0,0,26328,0,0,0,0,1,0
11266,CN,1,16,13619,small_item,0,0,5014,1,1,1,0,2,1
8488,CN,0,19,64301,large_item,1,1,8488,1,1,0,0,1,1
2074,US,1,12,63443,large_item,1,1,12288,1,1,1,0,1,0
37920,CN,1,5,108717,digital,0,0,4474,0,1,0,0,1,1
7915,IT,1,0,306671,large_item,0,1,19459,1,1,1,0,1,0
36117,CN,0,23,106856,large_item,1,0,36117,1,0,1,0,1,1
23203,CA,0,20,338858,digital,1,1,23203,1,1,0,0,1,0
14655,CA,0,8,222175,digital,1,0,14655,1,1,1,0,1,0
29933,DE,0,1,345252,digital,1,0,29933,1,1,0,0,1,0
29612,US,0,9,28970,large_item,0,1,29612,1,1,1,0,1,0
28726,DN,1,15,343974,digital,0,1,18458,0,1,0,0,1,0
37232,IN,0,22,75552,digital,1,1,37232,1,0,0,0,1,0
35458,DE,1,12,44064,large_item,0,0,14759,1,1,0,0,1,0
31914,US,1,12,327498,large_item,0,0,5662,1,1,0,0,1,0
28888,US,0,9,220506,digital,1,0,28888,0,1,1,0,1,0
25122,UK,1,10,202023,small_item,0,0,8556,0,0,0,0,1,1
18847,IT,1,14,146640,small_item,0,1,580,1,1,1,0,1,0
18511,DE,1,23,202231,digital,0,1,8675,1,0,1,0,1,0
10878,UK,1,21,152824,digital,1,0,18271,0,0,0,0,1,0
25446,DE,0,1,103004,large_item,1,0,25446,0,0,1,0,1,0
23398,CA,0,13,147566,digital,1,0,23398,1,0,0,0,1,0
31802,UK,0,20,126055,digital,1,0,31802,1,0,0,0,1,0
2535,UK,0,13,250623,digital,1,1,2535,1,0,1,0,3,0
32390,IT,0,3,294806,large_item,1,1,32390,1,1,1,0,1,0
24495,US,0,0,45862,digital,0,0,24495,0,0,1,0,1,0
29869,DE,1,13,344495,small_item,1,0,2783,1,1,0,0,2,0
25655,UK,1,21,182935,small_item,1,0,746,1,0,1,0,1,0
7788,DE,0,8,136366,digital,0,0,7788,1,0,0,0,1,0
34672,IN,1,0,110536,large_item,0,0,14722,1,1,1,0,1,0
5523,UK,0,3,280543,small_item,1,1,5523,0,1,1,0,1,0
20073,DE,0,19,86563,small_item,1,0,20073,1,1,0,0,1,0
13364,CN,1,3,36820,small_item,1,0,4142,1,1,0,0,2,1
9800,IT,0,3,157950,large_item,1,1,9800,1,1,0,0,1,0
19175,IN,1,0,199215,small_item,1,0,7069,0,1,1,0,1,0
38999,UK,1,17,266220,large_item,0,1,12016,0,0,1,0,1,0
34127,FI,1,14,67801,large_item,1,0,17933,0,0,0,0,1,0
2469,DE,0,2,61701,large_item,0,0,2469,0,0,1,0,1,0
3247,IN,1,4,222712,large_item,0,0,3960,0,0,1,0,1,0
21566,IN,0,8,336333,small_item,0,1,21566,1,0,1,0,1,0
20137,FI,0,9,166382,large_item,0,1,20137,1,1,0,0,1,0
24335,IT,0,5,351584,large_item,1,1,24335,0,1,0,0,1,0
34779,CN,0,4,291042,large_item,0,0,34779,0,1,0,0,1,1
11639,DN,1,13,160613,digital,1,0,10728,0,0,1,0,1,0
11098,IN,1,5,105110,digital,1,1,6918,0,0,1,0,1,0
21093,DE,0,22,176169,large_item,0,1,21093,1,1,0,0,1,0
9597,CA,1,15,163881,large_item,0,0,5461,1,1,1,0,1,0
27286,CA,0,2,21558,large_item,0,1,27286,1,0,0,0,1,0
27736,IN,0,11,336958,small_item,1,1,27736,1,1,1,0,1,0
37688,IN,0,19,108665,large_item,0,0,37688,0,0,1,0,1,1
17395,FI,0,18,89066,small_item,0,0,17395,0,0,0,0,1,1
36103,IN,0,9,200736,large_item,1,1,36103,1,1,1,0,1,0
11423,US,1,22,164086,small_item,1,1,17847,1,0,1,0,1,0
25274,CN,0,12,289499,small_item,1,1,25274,0,0,1,0,1,1
19106,FI,0,23,144872,small_item,0,1,19106,0,0,0,0,1,0
1213,UK,0,17,86861,large_item,1,0,1213,0,1,1,0,1,0
17939,DN,1,4,117979,small_item,1,1,8532,0,1,0,0,1,0
32391,US,1,21,237915,large_item,1,0,17106,0,1,1,0,3,0
16081,CN,1,3,230743,digital,0,1,3614,0,1,1,0,3,1
9949,IN,1,15,283619,digital,0,1,1991,1,0,0,0,1,0
16289,CA,1,1,17247,small_item,0,1,13102,1,0,1,0,1,0
30708,UK,0,13,86344,small_item,0,1,30708,0,1,0,0,1,0
38279,CN,1,14,38364,small_item,0,0,13449,1,1,0,0,1,1
3104,IN,1,22,168474,small_item,1,0,6683,0,0,0,0,1,0
19171,CA,0,14,251984,large_item,1,0,19171,1,0,0,1,1,0
2086,IN,1,20,41333,small_item,1,0,15747,0,0,1,0,1,0
23349,CA,0,4,162869,digital,0,1,23349,0,0,1,0,1,0
38684,US,1,22,352080,large_item,1,0,10693,1,1,0,0,1,0
35738,CN,1,22,69961,digital,1,0,4090,0,0,1,0,2,1
3149,UK,1,21,264888,large_item,1,0,16746,1,0,0,0,1,0
26955,IT,1,14,154338,large_item,0,1,10044,1,1,0,0,1,0
5078,IN,1,8,292775,digital,0,0,19184,1,1,0,0,1,0
24183,CN,0,1,206039,large_item,1,0,24183,1,1,1,0,1,1
7947,IT,0,8,336598,small_item,0,0,7947,0,0,0,0,1,0
30353,CA,1,10,323970,digital,0,1,6868,0,1,1,0,1,0
19025,DE,1,12,56830,digital,1,0,13274,0,0,0,0,1,0
10315,UK,0,3,85468,large_item,1,1,10315,0,1,1,0,1,0
29540,FI,0,21,194974,large_item,1,1,29540,1,0,0,0,1,0
31661,US,1,0,335676,small_item,1,0,12909,0,0,0,0,1,0
37378,US,1,22,292726,large_item,0,1,13106,0,0,0,0,1,0
10758,FI,1,16,63606,large_item,1,0,10954,1,1,0,0,1,0
37814,US,0,2,14787,small_item,1,1,37814,1,1,0,0,1,0
39373,IT,1,17,311567,large_item,1,1,2170,1,1,0,0,1,0
11732,IN,1,17,80789,large_item,0,1,3239,1,1,1,0,2,0
26067,US,1,5,234478,digital,1,0,8393,1,1,0,0,1,0
17559,IT,0,15,337930,digital,1,0,17559,0,1,0,0,3,0
5202,FI,0,23,213953,large_item,0,0,5202,1,1,1,0,1,0
14743,US,0,8,347312,small_item,0,0,14743,0,0,1,0,1,1
21377,UK,0,20,14589,large_item,0,0,21377,1,0,1,0,1,0
26819,UK,0,17,141589,large_item,1,1,26819,1,1,1,0,1,0
25723,CA,0,6,308157,small_item,1,1,25723,0,1,0,0,1,0
18568,US,1,18,289553,small_item,1,0,954,0,0,0,0,1,0
16842,DN,0,20,348056,small_item,0,0,16842,0,0,0,0,1,1
26514,CN,1,5,36907,small_item,0,0,19042,1,1,1,0,1,1
12077,FI,0,20,8217,small_item,1,0,12077,1,0,1,0,1,0
35940,UK,0,20,348956,digital,1,0,35940,0,0,1,0,1,0
9969,CN,1,6,136961,small_item,1,1,17018,0,0,0,0,1,1
38645,US,0,17,355659,digital,0,0,38645,1,1,1,0,1,0
9211,FI,0,13,342075,large_item,1,1,9211,1,1,1,0,1,0
33396,UK,0,10,198314,digital,0,0,33396,0,1,0,0,3,0
9162,CA,0,18,4731,large_item,0,1,9162,1,0,0,0,1,0
2871,FI,0,18,112909,small_item,1,0,2871,1,0,0,0,3,0
18243,CN,1,10,213400,large_item,1,0,13759,1,1,0,0,1,1
34079,UK,1,10,173412,large_item,1,0,14785,1,1,0,0,1,0
11937,DN,1,6,140785,digital,1,1,934,1,0,0,0,1,0
6211,IN,0,13,128566,small_item,0,0,6211,1,0,1,1,1,0
10139,US,1,3,38633,large_item,0,1,17051,1,1,0,0,1,0
16790,IT,1,22,108516,large_item,1,0,5888,1,0,0,0,1,0
37052,CA,0,22,191821,small_item,0,0,37052,0,1,1,0,1,1
28090,FI,0,1,138660,digital,1,1,28090,1,1,0,0,1,0
22671,US,1,17,151981,large_item,0,0,12945,1,1,0,0,1,0
37621,FI,0,18,339446,digital,0,0,37621,0,1,1,0,1,0
22977,DN,1,11,320015,digital,1,1,2489,0,0,1,0,1,0
25205,US,1,9,107350,small_item,1,0,18357,1,1,1,0,1,0
18356,CA,0,14,293807,large_item,0,1,18356,0,0,0,0,1,0
24743,US,1,8,100201,small_item,0,1,5098,0,0,1,0,1,0
3016,UK,0,21,11736,large_item,0,1,3016,0,0,0,0,1,0
26928,CA,1,12,73165,digital,0,0,10340,0,0,0,0,1,0
16995,DE,1,19,313163,digital,0,1,8817,1,1,0,0,1,0
11765,IT,0,6,132678,large_item,1,1,11765,0,0,1,0,3,0
38424,FI,0,7,124382,small_item,0,1,38424,0,1,0,0,1,0
1494,US,0,14,40238,digital,1,1,1494,0,0,1,0,1,0
4783,UK,0,16,345509,small_item,0,0,4783,0,1,0,0,2,0
11278,IN,0,1,338102,small_item,0,0,11278,1,1,0,0,3,0
32094,CN,0,6,235023,small_item,1,0,32094,0,1,1,0,1,1
29624,UK,1,19,8371,digital,0,0,5465,1,1,1,0,1,0
18404,IT,0,19,310457,small_item,1,0,18404,0,0,0,0,1,0
39058,DE,1,3,235360,small_item,0,1,12392,1,0,0,0,1,0
